year,return,sharpe,maxdrawdown,turnover
2025,1.0298016225993323,5.017193603805972,-0.02336686728623996,217.99800656249997
all,1.0298016225993323,5.017193603805972,-0.02336686728623996,217.99800656249997
